-- phpMyAdmin SQL Dump
-- version 5.0.2
-- https://www.phpmyadmin.net/
--
-- Servidor: 127.0.0.1:3306
-- Tiempo de generación: 15-03-2021 a las 02:23:26
-- Versión del servidor: 5.7.31
-- Versión de PHP: 7.3.21

SET SQL_MODE = "NO_AUTO_VALUE_ON_ZERO";
START TRANSACTION;
SET time_zone = "+00:00";


/*!40101 SET @OLD_CHARACTER_SET_CLIENT=@@CHARACTER_SET_CLIENT */;
/*!40101 SET @OLD_CHARACTER_SET_RESULTS=@@CHARACTER_SET_RESULTS */;
/*!40101 SET @OLD_COLLATION_CONNECTION=@@COLLATION_CONNECTION */;
/*!40101 SET NAMES utf8mb4 */;

--
-- Base de datos: `automotriz`
--

-- --------------------------------------------------------

--
-- Estructura de tabla para la tabla `cliente`
--

DROP TABLE IF EXISTS `cliente`;
CREATE TABLE IF NOT EXISTS `cliente` (
  `id` int(11) NOT NULL AUTO_INCREMENT,
  `nombre` varchar(120) NOT NULL,
  `cedula` varchar(15) NOT NULL,
  `telefono` varchar(14) DEFAULT NULL,
  `telefono_secundario` varchar(14) DEFAULT NULL,
  `email` varchar(255) DEFAULT NULL,
  `email_secundario` varchar(255) DEFAULT NULL,
  `fax` varchar(14) DEFAULT NULL,
  `direccion` varchar(255) DEFAULT NULL,
  `estado_id` int(11) DEFAULT NULL,
  `municipio_id` int(11) DEFAULT NULL,
  `ciudad_id` int(11) DEFAULT NULL,
  `status_id` int(11) NOT NULL,
  `user_ini_id` int(11) NOT NULL,
  `user_act_id` int(11) NOT NULL,
  `created_at` datetime NOT NULL,
  `updated_at` datetime NOT NULL,
  `user_eli_id` int(11) DEFAULT NULL,
  `deleted_at` datetime DEFAULT NULL,
  PRIMARY KEY (`id`),
  UNIQUE KEY `cliente_ciudad_id_foreign` (`ciudad_id`),
  KEY `cliente_estado_id_foreign` (`estado_id`),
  KEY `cliente_municipio_id_foreign` (`municipio_id`),
  KEY `cliente_status_id_foreign` (`status_id`),
  KEY `cliente_user_act_id_foreign` (`user_act_id`),
  KEY `cliente_user_eli_id_foreign` (`user_eli_id`),
  KEY `cliente_user_ini_id_foreign` (`user_ini_id`)
) ENGINE=InnoDB DEFAULT CHARSET=utf8;

-- --------------------------------------------------------

--
-- Estructura de tabla para la tabla `consecionario`
--

DROP TABLE IF EXISTS `consecionario`;
CREATE TABLE IF NOT EXISTS `consecionario` (
  `id` int(11) NOT NULL AUTO_INCREMENT,
  `nombre` varchar(255) NOT NULL,
  `rif` varchar(15) NOT NULL,
  `direccion` varchar(255) DEFAULT NULL,
  `telefono` varchar(14) DEFAULT NULL,
  `telefono_secundario` varchar(14) DEFAULT NULL,
  `web` varchar(255) DEFAULT NULL,
  `fax` varchar(14) DEFAULT NULL,
  `estado_id` int(11) DEFAULT NULL,
  `municipio_id` int(11) DEFAULT NULL,
  `ciudad_id` int(11) DEFAULT NULL,
  `status_id` int(11) NOT NULL,
  `user_ini_id` int(11) NOT NULL,
  `user_act_id` int(11) NOT NULL,
  `created_at` datetime NOT NULL,
  `updated_at` datetime NOT NULL,
  `user_eli_id` int(11) DEFAULT NULL,
  `deleted_at` datetime DEFAULT NULL,
  PRIMARY KEY (`id`),
  KEY `empresa_ciudad_id_foreign` (`ciudad_id`),
  KEY `empresa_estado_id_foreign` (`estado_id`),
  KEY `empresa_municipio_id_foreign` (`municipio_id`),
  KEY `empresa_status_id_foreign` (`status_id`),
  KEY `empresa_user_act_id_foreign` (`user_act_id`),
  KEY `empresa_user_eli_id_foreign` (`user_eli_id`),
  KEY `empresa_user_ini_id_foreign` (`user_ini_id`)
) ENGINE=InnoDB DEFAULT CHARSET=utf8;

-- --------------------------------------------------------

--
-- Estructura de tabla para la tabla `control_cliente`
--

DROP TABLE IF EXISTS `control_cliente`;
CREATE TABLE IF NOT EXISTS `control_cliente` (
  `id` int(11) NOT NULL AUTO_INCREMENT,
  `cliente_id` varchar(120) NOT NULL,
  `consecionario_id` varchar(15) NOT NULL,
  `observacion` varchar(14) DEFAULT NULL,
  `status_id` int(11) NOT NULL,
  `user_ini_id` int(11) NOT NULL,
  `user_act_id` int(11) NOT NULL,
  `created_at` datetime NOT NULL,
  `updated_at` datetime NOT NULL,
  `user_eli_id` int(11) DEFAULT NULL,
  `deleted_at` datetime DEFAULT NULL,
  PRIMARY KEY (`id`)
) ENGINE=InnoDB DEFAULT CHARSET=utf8;

-- --------------------------------------------------------

--
-- Estructura de tabla para la tabla `estado`
--

DROP TABLE IF EXISTS `estado`;
CREATE TABLE IF NOT EXISTS `estado` (
  `id` int(11) NOT NULL AUTO_INCREMENT,
  `nombre` varchar(120) NOT NULL,
  `pais_id` int(11) NOT NULL,
  `status_id` int(11) NOT NULL,
  `user_ini_id` int(11) NOT NULL,
  `user_act_id` int(11) NOT NULL,
  `created_at` datetime NOT NULL,
  `updated_at` datetime NOT NULL,
  `user_eli_id` int(11) DEFAULT NULL,
  `deleted_at` datetime DEFAULT NULL,
  PRIMARY KEY (`id`),
  KEY `estado_pais_id_foreign` (`pais_id`),
  KEY `estado_status_id_foreign` (`status_id`),
  KEY `estado_user_act_id_foreign` (`user_act_id`),
  KEY `estado_user_eli_id_foreign` (`user_eli_id`),
  KEY `estado_user_ini_id_foreign` (`user_ini_id`)
) ENGINE=InnoDB AUTO_INCREMENT=26 DEFAULT CHARSET=utf8;

--
-- Volcado de datos para la tabla `estado`
--

INSERT INTO `estado` (`id`, `nombre`, `pais_id`, `status_id`, `user_ini_id`, `user_act_id`, `created_at`, `updated_at`, `user_eli_id`, `deleted_at`) VALUES
(1, 'DISTRITO CAPITAL', 1, 101, 1, 1, '2018-09-03 10:20:32', '2018-09-03 10:20:32', 1, NULL),
(2, 'AMAZONAS', 1, 101, 1, 1, '2018-09-03 10:20:32', '2018-09-03 10:20:32', 1, NULL),
(3, 'ANZOATEGUI', 1, 101, 1, 1, '2018-09-03 10:20:32', '2018-09-03 10:20:32', 1, NULL),
(4, 'APURE', 1, 101, 1, 1, '2018-09-03 10:20:32', '2018-09-03 10:20:32', 1, NULL),
(5, 'ARAGUA', 1, 101, 1, 1, '2018-09-03 10:20:32', '2018-09-03 10:20:32', 1, NULL),
(6, 'BARINAS', 1, 101, 1, 1, '2018-09-03 10:20:32', '2018-09-03 10:20:32', 1, NULL),
(7, 'MIRANDA', 1, 101, 1, 1, '2018-04-05 11:29:52', '2018-04-05 11:29:52', 1, NULL),
(8, 'CARABOBO', 1, 101, 1, 1, '2018-09-03 10:20:32', '2018-09-03 10:20:32', 1, NULL),
(9, 'COJEDES', 1, 101, 1, 1, '2018-09-03 10:20:32', '2018-09-03 10:20:32', 1, NULL),
(10, 'DELTA AMACURO', 1, 101, 1, 1, '2018-09-03 10:20:32', '2018-09-03 10:20:32', 1, NULL),
(11, 'FALCON', 1, 101, 1, 1, '2018-09-03 10:20:32', '2018-09-03 10:20:32', 1, NULL),
(12, 'GUARICO', 1, 101, 1, 1, '2018-09-03 10:20:32', '2018-09-03 10:20:32', 1, NULL),
(13, 'LARA', 1, 101, 1, 1, '2018-09-03 10:20:32', '2018-09-03 10:20:32', 1, NULL),
(14, 'MERIDA', 1, 101, 1, 1, '2018-09-03 10:20:32', '2018-09-03 10:20:32', 1, NULL),
(15, 'BOLIVAR', 1, 101, 1, 1, '2018-09-03 10:20:32', '2018-09-03 10:20:32', 1, NULL),
(16, 'MONAGAS', 1, 101, 1, 1, '2018-09-03 10:20:32', '2018-09-03 10:20:32', 1, NULL),
(17, 'NUEVA ESPARTA', 1, 101, 1, 1, '2018-09-03 10:20:32', '2018-09-03 10:20:32', 1, NULL),
(18, 'PORTUGUESA', 1, 101, 1, 1, '2018-09-03 10:20:32', '2018-09-03 10:20:32', 1, NULL),
(19, 'SUCRE', 1, 101, 1, 1, '2018-09-03 10:20:32', '2018-09-03 10:20:32', 1, NULL),
(20, 'TACHIRA', 1, 101, 1, 1, '2018-09-03 10:20:32', '2018-09-03 10:20:32', 1, NULL),
(21, 'TRUJILLO', 1, 101, 1, 1, '2018-09-03 10:20:32', '2018-09-03 10:20:32', 1, NULL),
(22, 'YARACUY', 1, 101, 1, 1, '2018-09-03 10:20:32', '2018-09-03 10:20:32', 1, NULL),
(23, 'ZULIA', 1, 101, 1, 1, '2018-09-03 10:20:32', '2018-09-03 10:20:32', 1, NULL),
(24, 'VARGAS', 1, 101, 1, 1, '2018-09-03 10:20:32', '2018-09-03 10:20:32', 1, NULL),
(25, 'D. FEDERALES', 1, 101, 1, 1, '2018-09-03 10:20:32', '2018-09-03 10:20:32', 1, NULL);

-- --------------------------------------------------------

--
-- Estructura de tabla para la tabla `municipio`
--

DROP TABLE IF EXISTS `municipio`;
CREATE TABLE IF NOT EXISTS `municipio` (
  `id` int(11) NOT NULL AUTO_INCREMENT,
  `nombre` varchar(120) NOT NULL,
  `estado_id` int(11) NOT NULL,
  `status_id` int(11) NOT NULL,
  `user_ini_id` int(11) NOT NULL,
  `user_act_id` int(11) NOT NULL,
  `created_at` datetime NOT NULL,
  `updated_at` datetime NOT NULL,
  `user_eli_id` int(11) DEFAULT NULL,
  `deleted_at` datetime DEFAULT NULL,
  PRIMARY KEY (`id`),
  KEY `municipio_estado_id_foreign` (`estado_id`),
  KEY `municipio_status_id_foreign` (`status_id`),
  KEY `municipio_user_act_id_foreign` (`user_act_id`),
  KEY `municipio_user_eli_id_foreign` (`user_eli_id`),
  KEY `municipio_user_ini_id_foreign` (`user_ini_id`)
) ENGINE=InnoDB AUTO_INCREMENT=340 DEFAULT CHARSET=utf8;

--
-- Volcado de datos para la tabla `municipio`
--

INSERT INTO `municipio` (`id`, `nombre`, `estado_id`, `status_id`, `user_ini_id`, `user_act_id`, `created_at`, `updated_at`, `user_eli_id`, `deleted_at`) VALUES
(1, 'LIBERTADOR', 1, 101, 1, 1, '2018-09-03 10:21:36', '2018-09-03 10:21:36', 1, NULL),
(2, 'AUTONOMO ALTO ORINOCO', 2, 101, 1, 1, '2018-09-03 10:21:36', '2018-09-03 10:21:36', 1, NULL),
(3, 'AUTONOMO ATABAPO', 2, 101, 1, 1, '2018-09-03 10:21:36', '2018-09-03 10:21:36', 1, NULL),
(4, 'AUTONOMO ATURES', 2, 101, 1, 1, '2018-09-03 10:21:36', '2018-09-03 10:21:36', 1, NULL),
(5, 'AUTONOMO AUTANA', 2, 101, 1, 1, '2018-09-03 10:21:36', '2018-09-03 10:21:36', 1, NULL),
(6, 'AUTONOMO MAROA', 2, 101, 1, 1, '2018-09-03 10:21:36', '2018-09-03 10:21:36', 1, NULL),
(7, 'AUTONOMO MANAPIARE', 2, 101, 1, 1, '2018-09-03 10:21:36', '2018-09-03 10:21:36', 1, NULL),
(8, 'AUTONOMO RIO NEGRO', 2, 101, 1, 1, '2018-09-03 10:21:36', '2018-09-03 10:21:36', 1, NULL),
(9, 'ANACO', 3, 101, 1, 1, '2018-09-03 10:21:36', '2018-09-03 10:21:36', 1, NULL),
(10, 'ARAGUA', 3, 101, 1, 1, '2018-09-03 10:21:36', '2018-09-03 10:21:36', 1, NULL),
(11, 'FERNANDO DE PEÑALVER', 3, 101, 1, 1, '2018-09-03 10:21:36', '2018-09-03 10:21:36', 1, NULL),
(12, 'FRANCISCO DEL CARMEN CARVAJAL', 3, 101, 1, 1, '2018-09-03 10:21:36', '2018-09-03 10:21:36', 1, NULL),
(13, 'FRANCISCO DE MIRANDA', 3, 101, 1, 1, '2018-09-03 10:21:36', '2018-09-03 10:21:36', 1, NULL),
(14, 'GUANTA', 3, 101, 1, 1, '2018-09-03 10:21:36', '2018-09-03 10:21:36', 1, NULL),
(15, 'INDEPENDENCIA', 3, 101, 1, 1, '2018-09-03 10:21:36', '2018-09-03 10:21:36', 1, NULL),
(16, 'JUAN ANTONIO SOTILLO', 3, 101, 1, 1, '2018-09-03 10:21:36', '2018-09-03 10:21:36', 1, NULL),
(17, 'JUAN MANUEL CAJIGAL', 3, 101, 1, 1, '2018-09-03 10:21:36', '2018-09-03 10:21:36', 1, NULL),
(18, 'JOSE GREGORIO MONAGAS', 3, 101, 1, 1, '2018-09-03 10:21:36', '2018-09-03 10:21:36', 1, NULL),
(19, 'LIBERTAD', 3, 101, 1, 1, '2018-09-03 10:21:36', '2018-09-03 10:21:36', 1, NULL),
(20, 'MANUEL EZEQUIEL BRUZUAL', 3, 101, 1, 1, '2018-09-03 10:21:36', '2018-09-03 10:21:36', 1, NULL),
(21, 'PEDRO MARIA FREITES', 3, 101, 1, 1, '2018-09-03 10:21:36', '2018-09-03 10:21:36', 1, NULL),
(22, 'PIRITU', 3, 101, 1, 1, '2018-09-03 10:21:36', '2018-09-03 10:21:36', 1, NULL),
(23, 'SAN JOSE DE GUANIPA', 3, 101, 1, 1, '2018-09-03 10:21:36', '2018-09-03 10:21:36', 1, NULL),
(24, 'SAN JUAN DE CAPISTRANO', 3, 101, 1, 1, '2018-09-03 10:21:36', '2018-09-03 10:21:36', 1, NULL),
(25, 'SANTA ANA', 3, 101, 1, 1, '2018-09-03 10:21:36', '2018-09-03 10:21:36', 1, NULL),
(26, 'SIMON BOLIVAR', 3, 101, 1, 1, '2018-09-03 10:21:36', '2018-09-03 10:21:36', 1, NULL),
(27, 'SIMON RODRIGUEZ', 3, 101, 1, 1, '2018-09-03 10:21:36', '2018-09-03 10:21:36', 1, NULL),
(28, 'SIR ARTHUR MC GREGOR', 3, 101, 1, 1, '2018-09-03 10:21:36', '2018-09-03 10:21:36', 1, NULL),
(29, 'TURIST DIEGO BAUTISTA URBANEJA', 3, 101, 1, 1, '2018-09-03 10:21:36', '2018-09-03 10:21:36', 1, NULL),
(30, 'ACHAGUAS', 4, 101, 1, 1, '2018-09-03 10:21:36', '2018-09-03 10:21:36', 1, NULL),
(31, 'BIRUACA', 4, 101, 1, 1, '2018-09-03 10:21:36', '2018-09-03 10:21:36', 1, NULL),
(32, 'MUÑOZ', 4, 101, 1, 1, '2018-09-03 10:21:36', '2018-09-03 10:21:36', 1, NULL),
(33, 'PAEZ', 4, 101, 1, 1, '2018-09-03 10:21:36', '2018-09-03 10:21:36', 1, NULL),
(34, 'PEDRO CAMEJO', 4, 101, 1, 1, '2018-09-03 10:21:36', '2018-09-03 10:21:36', 1, NULL),
(35, 'ROMULO GALLEGOS', 4, 101, 1, 1, '2018-09-03 10:21:37', '2018-09-03 10:21:37', 1, NULL),
(36, 'SAN FERNANDO', 4, 101, 1, 1, '2018-09-03 10:21:37', '2018-09-03 10:21:37', 1, NULL),
(37, 'BOLIVAR', 5, 101, 1, 1, '2018-09-03 10:21:37', '2018-09-03 10:21:37', 1, NULL),
(38, 'JOSE GREGORIO MONAGAS', 5, 101, 1, 1, '2018-09-03 10:21:37', '2018-09-03 10:21:37', 1, NULL),
(39, 'GIRARDOT', 5, 101, 1, 1, '2018-09-03 10:21:37', '2018-09-03 10:21:37', 1, NULL),
(40, 'JOSE ANGEL LAMAS', 5, 101, 1, 1, '2018-09-03 10:21:37', '2018-09-03 10:21:37', 1, NULL),
(41, 'JOSE FELIX RIBAS', 5, 101, 1, 1, '2018-09-03 10:21:37', '2018-09-03 10:21:37', 1, NULL),
(42, 'JOSE RAFAEL REVENGA', 5, 101, 1, 1, '2018-09-03 10:21:37', '2018-09-03 10:21:37', 1, NULL),
(43, 'LIBERTADOR', 5, 101, 1, 1, '2018-09-03 10:21:37', '2018-09-03 10:21:37', 1, NULL),
(44, 'MARIO BRICEÑO IRAGORRY', 5, 101, 1, 1, '2018-09-03 10:21:37', '2018-09-03 10:21:37', 1, NULL),
(45, 'SAN CASIMIRO', 5, 101, 1, 1, '2018-09-03 10:21:37', '2018-09-03 10:21:37', 1, NULL),
(46, 'SAN SEBASTIAN', 5, 101, 1, 1, '2018-09-03 10:21:37', '2018-09-03 10:21:37', 1, NULL),
(47, 'SANTIAGO MARIÑO', 5, 101, 1, 1, '2018-09-03 10:21:37', '2018-09-03 10:21:37', 1, NULL),
(48, 'SANTOS MICHELENA', 5, 101, 1, 1, '2018-09-03 10:21:37', '2018-09-03 10:21:37', 1, NULL),
(49, 'SUCRE', 5, 101, 1, 1, '2018-09-03 10:21:37', '2018-09-03 10:21:37', 1, NULL),
(50, 'TOVAR', 5, 101, 1, 1, '2018-09-03 10:21:37', '2018-09-03 10:21:37', 1, NULL),
(51, 'URDANETA', 5, 101, 1, 1, '2018-09-03 10:21:37', '2018-09-03 10:21:37', 1, NULL),
(52, 'ZAMORA', 5, 101, 1, 1, '2018-09-03 10:21:37', '2018-09-03 10:21:37', 1, NULL),
(53, 'FRANCISCO LINARES ALCANTARA', 5, 101, 1, 1, '2018-09-03 10:21:37', '2018-09-03 10:21:37', 1, NULL),
(54, 'OCUMARE DE LA COSTA DE ORO', 5, 101, 1, 1, '2018-09-03 10:21:37', '2018-09-03 10:21:37', 1, NULL),
(55, 'ALBERTO ARVELO TORREALBA', 6, 101, 1, 1, '2018-09-03 10:21:37', '2018-09-03 10:21:37', 1, NULL),
(56, 'ANTONIO JOSE DE SUCRE', 6, 101, 1, 1, '2018-09-03 10:21:37', '2018-09-03 10:21:37', 1, NULL),
(57, 'ARISMENDI', 6, 101, 1, 1, '2018-09-03 10:21:37', '2018-09-03 10:21:37', 1, NULL),
(58, 'BARINAS', 6, 101, 1, 1, '2018-09-03 10:21:37', '2018-09-03 10:21:37', 1, NULL),
(59, 'BOLIVAR', 6, 101, 1, 1, '2018-09-03 10:21:37', '2018-09-03 10:21:37', 1, NULL),
(60, 'CRUZ PAREDES', 6, 101, 1, 1, '2018-09-03 10:21:37', '2018-09-03 10:21:37', 1, NULL),
(61, 'EZEQUIEL ZAMORA', 6, 101, 1, 1, '2018-09-03 10:21:37', '2018-09-03 10:21:37', 1, NULL),
(62, 'OBISPOS', 6, 101, 1, 1, '2018-09-03 10:21:37', '2018-09-03 10:21:37', 1, NULL),
(63, 'PEDRAZA', 6, 101, 1, 1, '2018-09-03 10:21:37', '2018-09-03 10:21:37', 1, NULL),
(64, 'ROJAS', 6, 101, 1, 1, '2018-09-03 10:21:37', '2018-09-03 10:21:37', 1, NULL),
(65, 'SOSA', 6, 101, 1, 1, '2018-09-03 10:21:37', '2018-09-03 10:21:37', 1, NULL),
(66, 'ANDRES ELOY BLANCO', 6, 101, 1, 1, '2018-09-03 10:21:37', '2018-09-03 10:21:37', 1, NULL),
(67, 'CARONI', 15, 101, 1, 1, '2018-09-03 10:21:37', '2018-09-03 10:21:37', 1, NULL),
(68, 'CEDEÑO', 15, 101, 1, 1, '2018-09-03 10:21:37', '2018-09-03 10:21:37', 1, NULL),
(69, 'EL CALLAO', 15, 101, 1, 1, '2018-09-03 10:21:37', '2018-09-03 10:21:37', 1, NULL),
(70, 'GRAN SABANA', 15, 101, 1, 1, '2018-09-03 10:21:37', '2018-09-03 10:21:37', 1, NULL),
(71, 'HERES', 15, 101, 1, 1, '2018-09-03 10:21:37', '2018-09-03 10:21:37', 1, NULL),
(72, 'PIAR', 15, 101, 1, 1, '2018-09-03 10:21:37', '2018-09-03 10:21:37', 1, NULL),
(73, 'RAUL LEONI', 15, 101, 1, 1, '2018-09-03 10:21:37', '2018-09-03 10:21:37', 1, NULL),
(74, 'ROSCIO', 15, 101, 1, 1, '2018-09-03 10:21:37', '2018-09-03 10:21:37', 1, NULL),
(75, 'SIFONTES', 15, 101, 1, 1, '2018-09-03 10:21:37', '2018-09-03 10:21:37', 1, NULL),
(76, 'SUCRE', 15, 101, 1, 1, '2018-09-03 10:21:37', '2018-09-03 10:21:37', 1, NULL),
(77, 'PADRE PEDRO CHIEN', 15, 101, 1, 1, '2018-09-03 10:21:37', '2018-09-03 10:21:37', 1, NULL),
(78, 'BEJUMA', 8, 101, 1, 1, '2018-09-03 10:21:37', '2018-09-03 10:21:37', 1, NULL),
(79, 'BOLIVAR', 8, 101, 1, 1, '2018-09-03 10:21:37', '2018-09-03 10:21:37', 1, NULL),
(80, 'DIEGO IBARRA', 8, 101, 1, 1, '2018-09-03 10:21:37', '2018-09-03 10:21:37', 1, NULL),
(81, 'GUACARA', 8, 101, 1, 1, '2018-09-03 10:21:37', '2018-09-03 10:21:37', 1, NULL),
(82, 'JUAN JOSE MORA', 8, 101, 1, 1, '2018-09-03 10:21:37', '2018-09-03 10:21:37', 1, NULL),
(83, 'LIBERTADOR', 8, 101, 1, 1, '2018-09-03 10:21:37', '2018-09-03 10:21:37', 1, NULL),
(84, 'LOS GUAYOS', 8, 101, 1, 1, '2018-09-03 10:21:37', '2018-09-03 10:21:37', 1, NULL),
(85, 'MIRANDA', 8, 101, 1, 1, '2018-09-03 10:21:37', '2018-09-03 10:21:37', 1, NULL),
(86, 'MONTALBAN', 8, 101, 1, 1, '2018-09-03 10:21:37', '2018-09-03 10:21:37', 1, NULL),
(87, 'NAGUANAGUA', 8, 101, 1, 1, '2018-09-03 10:21:37', '2018-09-03 10:21:37', 1, NULL),
(88, 'PUERTO CABELLO', 8, 101, 1, 1, '2018-09-03 10:21:37', '2018-09-03 10:21:37', 1, NULL),
(89, 'SAN DIEGO', 8, 101, 1, 1, '2018-09-03 10:21:37', '2018-09-03 10:21:37', 1, NULL),
(90, 'SAN JOAQUIN', 8, 101, 1, 1, '2018-09-03 10:21:37', '2018-09-03 10:21:37', 1, NULL),
(91, 'VALENCIA', 8, 101, 1, 1, '2018-09-03 10:21:37', '2018-09-03 10:21:37', 1, NULL),
(92, 'ANZOATEGUI', 9, 101, 1, 1, '2018-09-03 10:21:37', '2018-09-03 10:21:37', 1, NULL),
(93, 'RAUL LEONI', 9, 101, 1, 1, '2018-09-03 10:21:38', '2018-09-03 10:21:38', 1, NULL),
(94, 'GIRARDOT', 9, 101, 1, 1, '2018-09-03 10:21:38', '2018-09-03 10:21:38', 1, NULL),
(95, 'LIMA BLANCO', 9, 101, 1, 1, '2018-09-03 10:21:38', '2018-09-03 10:21:38', 1, NULL),
(96, 'PAO DE SAN JUAN BAUTISTA', 9, 101, 1, 1, '2018-09-03 10:21:38', '2018-09-03 10:21:38', 1, NULL),
(97, 'RICAURTE', 9, 101, 1, 1, '2018-09-03 10:21:38', '2018-09-03 10:21:38', 1, NULL),
(98, 'ROMULO GALLEGOS', 9, 101, 1, 1, '2018-09-03 10:21:38', '2018-09-03 10:21:38', 1, NULL),
(99, 'SAN CARLOS', 9, 101, 1, 1, '2018-09-03 10:21:38', '2018-09-03 10:21:38', 1, NULL),
(100, 'TINACO', 9, 101, 1, 1, '2018-09-03 10:21:38', '2018-09-03 10:21:38', 1, NULL),
(101, 'ANTONIO DIAZ', 10, 101, 1, 1, '2018-09-03 10:21:38', '2018-09-03 10:21:38', 1, NULL),
(102, 'CASACOIMA', 10, 101, 1, 1, '2018-09-03 10:21:38', '2018-09-03 10:21:38', 1, NULL),
(103, 'PEDERNALES', 10, 101, 1, 1, '2018-09-03 10:21:38', '2018-09-03 10:21:38', 1, NULL),
(104, 'TUCUPITA', 10, 101, 1, 1, '2018-09-03 10:21:38', '2018-09-03 10:21:38', 1, NULL),
(105, 'ACOSTA', 11, 101, 1, 1, '2018-09-03 10:21:38', '2018-09-03 10:21:38', 1, NULL),
(106, 'BOLIVAR', 11, 101, 1, 1, '2018-09-03 10:21:38', '2018-09-03 10:21:38', 1, NULL),
(107, 'BUCHIVACOA', 11, 101, 1, 1, '2018-09-03 10:21:38', '2018-09-03 10:21:38', 1, NULL),
(108, 'CACIQUE MANAURE', 11, 101, 1, 1, '2018-09-03 10:21:38', '2018-09-03 10:21:38', 1, NULL),
(109, 'CARIRUBANA', 11, 101, 1, 1, '2018-09-03 10:21:38', '2018-09-03 10:21:38', 1, NULL),
(110, 'COLINA', 11, 101, 1, 1, '2018-09-03 10:21:38', '2018-09-03 10:21:38', 1, NULL),
(111, 'DABAJURO', 11, 101, 1, 1, '2018-09-03 10:21:38', '2018-09-03 10:21:38', 1, NULL),
(112, 'DEMOCRACIA', 11, 101, 1, 1, '2018-09-03 10:21:38', '2018-09-03 10:21:38', 1, NULL),
(113, 'FALCON', 11, 101, 1, 1, '2018-09-03 10:21:38', '2018-09-03 10:21:38', 1, NULL),
(114, 'FEDERACION', 11, 101, 1, 1, '2018-09-03 10:21:38', '2018-09-03 10:21:38', 1, NULL),
(115, 'JACURA', 11, 101, 1, 1, '2018-09-03 10:21:38', '2018-09-03 10:21:38', 1, NULL),
(116, 'LOS TAQUES', 11, 101, 1, 1, '2018-09-03 10:21:38', '2018-09-03 10:21:38', 1, NULL),
(117, 'MAUROA', 11, 101, 1, 1, '2018-09-03 10:21:38', '2018-09-03 10:21:38', 1, NULL),
(118, 'ROMULO GALLEGOS', 11, 101, 1, 1, '2018-09-03 10:21:38', '2018-09-03 10:21:38', 1, NULL),
(119, 'MONSEÑOR ITURRIZA', 11, 101, 1, 1, '2018-09-03 10:21:38', '2018-09-03 10:21:38', 1, NULL),
(120, 'PALMASOLA', 11, 101, 1, 1, '2018-09-03 10:21:38', '2018-09-03 10:21:38', 1, NULL),
(121, 'PETIT', 11, 101, 1, 1, '2018-09-03 10:21:38', '2018-09-03 10:21:38', 1, NULL),
(122, 'PIRITU', 11, 101, 1, 1, '2018-09-03 10:21:38', '2018-09-03 10:21:38', 1, NULL),
(123, 'SAN FRANCISCO', 11, 101, 1, 1, '2018-09-03 10:21:38', '2018-09-03 10:21:38', 1, NULL),
(124, 'SILVA', 11, 101, 1, 1, '2018-09-03 10:21:38', '2018-09-03 10:21:38', 1, NULL),
(125, 'SUCRE', 11, 101, 1, 1, '2018-09-03 10:21:38', '2018-09-03 10:21:38', 1, NULL),
(126, 'TOCOPERO', 11, 101, 1, 1, '2018-09-03 10:21:38', '2018-09-03 10:21:38', 1, NULL),
(127, 'UNION', 11, 101, 1, 1, '2018-09-03 10:21:38', '2018-09-03 10:21:38', 1, NULL),
(128, 'URUMACO', 11, 101, 1, 1, '2018-09-03 10:21:38', '2018-09-03 10:21:38', 1, NULL),
(129, 'ZAMORA', 11, 101, 1, 1, '2018-09-03 10:21:38', '2018-09-03 10:21:38', 1, NULL),
(130, 'CAMAGUAN', 12, 101, 1, 1, '2018-09-03 10:21:38', '2018-09-03 10:21:38', 1, NULL),
(131, 'CHAGUARAMAS', 12, 101, 1, 1, '2018-09-03 10:21:38', '2018-09-03 10:21:38', 1, NULL),
(132, 'EL SOCORRO', 12, 101, 1, 1, '2018-09-03 10:21:38', '2018-09-03 10:21:38', 1, NULL),
(133, 'SAN GERONIMO DE GUAYABAL', 12, 101, 1, 1, '2018-09-03 10:21:38', '2018-09-03 10:21:38', 1, NULL),
(134, 'FEDERACION', 12, 101, 1, 1, '2018-09-03 10:21:38', '2018-09-03 10:21:38', 1, NULL),
(135, 'LAS MERCEDES', 12, 101, 1, 1, '2018-09-03 10:21:38', '2018-09-03 10:21:38', 1, NULL),
(136, 'JULIAN MELLADO', 12, 101, 1, 1, '2018-09-03 10:21:38', '2018-09-03 10:21:38', 1, NULL),
(137, 'FRANCISCO DE MIRANDA', 12, 101, 1, 1, '2018-09-03 10:21:38', '2018-09-03 10:21:38', 1, NULL),
(138, 'JOSE TADEO MONAGAS', 12, 101, 1, 1, '2018-09-03 10:21:38', '2018-09-03 10:21:38', 1, NULL),
(139, 'ORTIZ', 12, 101, 1, 1, '2018-09-03 10:21:38', '2018-09-03 10:21:38', 1, NULL),
(140, 'JOSE FELIX RIBAS', 12, 101, 1, 1, '2018-09-03 10:21:38', '2018-09-03 10:21:38', 1, NULL),
(141, 'JUAN GERMAN ROSCIO', 12, 101, 1, 1, '2018-09-03 10:21:38', '2018-09-03 10:21:38', 1, NULL),
(142, 'SAN JOSE DE GUARIBE', 12, 101, 1, 1, '2018-09-03 10:21:38', '2018-09-03 10:21:38', 1, NULL),
(143, 'SANTA MARIA DE IPIRE', 12, 101, 1, 1, '2018-09-03 10:21:38', '2018-09-03 10:21:38', 1, NULL),
(144, 'PEDRO ZARAZA', 12, 101, 1, 1, '2018-09-03 10:21:38', '2018-09-03 10:21:38', 1, NULL),
(145, 'ANDRES ELOY BLANCO', 13, 101, 1, 1, '2018-09-03 10:21:38', '2018-09-03 10:21:38', 1, NULL),
(146, 'CRESPO', 13, 101, 1, 1, '2018-09-03 10:21:38', '2018-09-03 10:21:38', 1, NULL),
(147, 'IRIBARREN', 13, 101, 1, 1, '2018-09-03 10:21:38', '2018-09-03 10:21:38', 1, NULL),
(148, 'JIMENEZ', 13, 101, 1, 1, '2018-09-03 10:21:38', '2018-09-03 10:21:38', 1, NULL),
(149, 'MORAN', 13, 101, 1, 1, '2018-09-03 10:21:38', '2018-09-03 10:21:38', 1, NULL),
(150, 'PALAVECINO', 13, 101, 1, 1, '2018-09-03 10:21:38', '2018-09-03 10:21:38', 1, NULL),
(151, 'SIMON PLANAS', 13, 101, 1, 1, '2018-09-03 10:21:38', '2018-09-03 10:21:38', 1, NULL),
(152, 'TORRES', 13, 101, 1, 1, '2018-09-03 10:21:38', '2018-09-03 10:21:38', 1, NULL),
(153, 'URDANETA', 13, 101, 1, 1, '2018-09-03 10:21:38', '2018-09-03 10:21:38', 1, NULL),
(154, 'ALBERTO ADRIANI', 14, 101, 1, 1, '2018-09-03 10:21:38', '2018-09-03 10:21:38', 1, NULL),
(155, 'ANDRES BELLO', 14, 101, 1, 1, '2018-09-03 10:21:38', '2018-09-03 10:21:38', 1, NULL),
(156, 'ANTONIO PINTO SALINAS', 14, 101, 1, 1, '2018-09-03 10:21:38', '2018-09-03 10:21:38', 1, NULL),
(157, 'ARICAGUA', 14, 101, 1, 1, '2018-09-03 10:21:38', '2018-09-03 10:21:38', 1, NULL),
(158, 'ARZOBISPO CHACON', 14, 101, 1, 1, '2018-09-03 10:21:38', '2018-09-03 10:21:38', 1, NULL),
(159, 'CAMPO ELIAS', 14, 101, 1, 1, '2018-09-03 10:21:38', '2018-09-03 10:21:38', 1, NULL),
(160, 'JOSE FELIX RIBAS', 14, 101, 1, 1, '2018-09-03 10:21:38', '2018-09-03 10:21:38', 1, NULL),
(161, 'CARDENAL QUINTERO', 14, 101, 1, 1, '2018-09-03 10:21:38', '2018-09-03 10:21:38', 1, NULL),
(162, 'GUARAQUE', 14, 101, 1, 1, '2018-09-03 10:21:38', '2018-09-03 10:21:38', 1, NULL),
(163, 'JULIO CESAR SALAS', 14, 101, 1, 1, '2018-09-03 10:21:38', '2018-09-03 10:21:38', 1, NULL),
(164, 'JUSTO BRICEÑO', 14, 101, 1, 1, '2018-09-03 10:21:38', '2018-09-03 10:21:38', 1, NULL),
(165, 'LIBERTADOR', 14, 101, 1, 1, '2018-09-03 10:21:38', '2018-09-03 10:21:38', 1, NULL),
(166, 'MIRANDA', 14, 101, 1, 1, '2018-09-03 10:21:38', '2018-09-03 10:21:38', 1, NULL),
(167, 'OBISPO RAMOS DE LORA', 14, 101, 1, 1, '2018-09-03 10:21:38', '2018-09-03 10:21:38', 1, NULL),
(168, 'PADRE NOGUERA', 14, 101, 1, 1, '2018-09-03 10:21:38', '2018-09-03 10:21:38', 1, NULL),
(169, 'PUEBLO LLANO', 14, 101, 1, 1, '2018-09-03 10:21:38', '2018-09-03 10:21:38', 1, NULL),
(170, 'RANGEL', 14, 101, 1, 1, '2018-09-03 10:21:38', '2018-09-03 10:21:38', 1, NULL),
(171, 'RIVAS DAVILA', 14, 101, 1, 1, '2018-09-03 10:21:39', '2018-09-03 10:21:39', 1, NULL),
(172, 'SANTOS MARQUINA', 14, 101, 1, 1, '2018-09-03 10:21:39', '2018-09-03 10:21:39', 1, NULL),
(173, 'SUCRE', 14, 101, 1, 1, '2018-09-03 10:21:39', '2018-09-03 10:21:39', 1, NULL),
(174, 'TOVAR', 14, 101, 1, 1, '2018-09-03 10:21:39', '2018-09-03 10:21:39', 1, NULL),
(175, 'TULIO FEBRES CORDERO', 14, 101, 1, 1, '2018-09-03 10:21:39', '2018-09-03 10:21:39', 1, NULL),
(176, 'ZEA', 14, 101, 1, 1, '2018-09-03 10:21:39', '2018-09-03 10:21:39', 1, NULL),
(177, 'ACEVEDO', 7, 101, 1, 1, '2018-09-03 10:21:39', '2018-09-03 10:21:39', 1, NULL),
(178, 'ANDRES BELLO', 7, 101, 1, 1, '2018-09-03 10:21:39', '2018-09-03 10:21:39', 1, NULL),
(179, 'CAMPO ELIAS', 3, 101, 1, 1, '2018-09-03 10:21:39', '2018-09-03 10:21:39', 1, NULL),
(180, 'BRION', 7, 101, 1, 1, '2018-09-03 10:21:39', '2018-09-03 10:21:39', 1, NULL),
(181, 'BUROZ', 7, 101, 1, 1, '2018-09-03 10:21:39', '2018-09-03 10:21:39', 1, NULL),
(182, 'CARRIZAL', 7, 101, 1, 1, '2018-09-03 10:21:39', '2018-09-03 10:21:39', 1, NULL),
(183, 'CHACAO', 7, 101, 1, 1, '2018-09-03 10:21:39', '2018-09-03 10:21:39', 1, NULL),
(184, 'CRISTOBAL ROJAS', 7, 101, 1, 1, '2018-09-03 10:21:39', '2018-09-03 10:21:39', 1, NULL),
(185, 'EL HATILLO', 7, 101, 1, 1, '2018-09-03 10:21:39', '2018-09-03 10:21:39', 1, NULL),
(186, 'GUAICAIPURO', 7, 101, 1, 1, '2018-09-03 10:21:39', '2018-09-03 10:21:39', 1, NULL),
(187, 'INDEPENDENCIA', 7, 101, 1, 1, '2018-09-03 10:21:39', '2018-09-03 10:21:39', 1, NULL),
(188, 'TOMAS LANDER', 7, 101, 1, 1, '2018-09-03 10:21:39', '2018-09-03 10:21:39', 1, NULL),
(189, 'Los Salias', 7, 101, 1, 1, '2020-06-18 10:41:57', '2020-06-18 10:42:38', NULL, NULL),
(190, 'PAEZ', 7, 101, 1, 1, '2018-09-03 10:21:39', '2018-09-03 10:21:39', 1, NULL),
(191, 'PAZ CASTILLO', 7, 101, 1, 1, '2018-09-03 10:21:39', '2018-09-03 10:21:39', 1, NULL),
(192, 'PEDRO GUAL', 7, 101, 1, 1, '2018-09-03 10:21:39', '2018-09-03 10:21:39', 1, NULL),
(193, 'PLAZA', 7, 101, 1, 1, '2018-09-03 10:21:39', '2018-09-03 10:21:39', 1, NULL),
(194, 'SIMON BOLIVAR', 7, 101, 1, 1, '2018-09-03 10:21:39', '2018-09-03 10:21:39', 1, NULL),
(195, 'SUCRE', 7, 101, 1, 1, '2018-09-03 10:21:39', '2018-09-03 10:21:39', 1, NULL),
(196, 'URDANETA', 7, 101, 1, 1, '2018-09-03 10:21:39', '2018-09-03 10:21:39', 1, NULL),
(197, 'ZAMORA', 7, 101, 1, 1, '2018-09-03 10:21:39', '2018-09-03 10:21:39', 1, NULL),
(198, 'ACOSTA', 16, 101, 1, 1, '2018-09-03 10:21:39', '2018-09-03 10:21:39', 1, NULL),
(199, 'AGUASAY', 16, 101, 1, 1, '2018-09-03 10:21:39', '2018-09-03 10:21:39', 1, NULL),
(200, 'BRION', 16, 101, 1, 1, '2018-09-03 10:21:39', '2018-09-03 10:21:39', 1, NULL),
(201, 'CARIPE', 16, 101, 1, 1, '2018-09-03 10:21:39', '2018-09-03 10:21:39', 1, NULL),
(202, 'CEDEÑO', 16, 101, 1, 1, '2018-09-03 10:21:39', '2018-09-03 10:21:39', 1, NULL),
(203, 'EZEQUIEL ZAMORA', 16, 101, 1, 1, '2018-09-03 10:21:39', '2018-09-03 10:21:39', 1, NULL),
(204, 'LIBERTADOR', 16, 101, 1, 1, '2018-09-03 10:21:39', '2018-09-03 10:21:39', 1, NULL),
(205, 'MATURIN', 16, 101, 1, 1, '2018-09-03 10:21:39', '2018-09-03 10:21:39', 1, NULL),
(206, 'PIAR', 16, 101, 1, 1, '2018-09-03 10:21:39', '2018-09-03 10:21:39', 1, NULL),
(207, 'PUNCERES', 16, 101, 1, 1, '2018-09-03 10:21:39', '2018-09-03 10:21:39', 1, NULL),
(208, 'SANTA BARBARA', 16, 101, 1, 1, '2018-09-03 10:21:39', '2018-09-03 10:21:39', 1, NULL),
(209, 'SOTILLO', 16, 101, 1, 1, '2018-09-03 10:21:39', '2018-09-03 10:21:39', 1, NULL),
(210, 'URACOA', 16, 101, 1, 1, '2018-09-03 10:21:39', '2018-09-03 10:21:39', 1, NULL),
(211, 'ANTOLIN DEL CAMPO', 17, 101, 1, 1, '2018-09-03 10:21:39', '2018-09-03 10:21:39', 1, NULL),
(212, 'ARISMENDI', 17, 101, 1, 1, '2018-09-03 10:21:39', '2018-09-03 10:21:39', 1, NULL),
(213, 'DIAZ', 17, 101, 1, 1, '2018-09-03 10:21:39', '2018-09-03 10:21:39', 1, NULL),
(214, 'SIMON BOLIVAR', 17, 101, 1, 1, '2018-09-03 10:21:39', '2018-09-03 10:21:39', 1, NULL),
(215, 'GOMEZ', 17, 101, 1, 1, '2018-09-03 10:21:39', '2018-09-03 10:21:39', 1, NULL),
(216, 'MANEIRO', 17, 101, 1, 1, '2018-09-03 10:21:39', '2018-09-03 10:21:39', 1, NULL),
(217, 'MARCANO', 17, 101, 1, 1, '2018-09-03 10:21:39', '2018-09-03 10:21:39', 1, NULL),
(218, 'MARIÑO', 17, 101, 1, 1, '2018-09-03 10:21:39', '2018-09-03 10:21:39', 1, NULL),
(219, 'PENINSULA DE MACANAO', 17, 101, 1, 1, '2018-09-03 10:21:39', '2018-09-03 10:21:39', 1, NULL),
(220, 'TUBORES', 17, 101, 1, 1, '2018-09-03 10:21:39', '2018-09-03 10:21:39', 1, NULL),
(221, 'VILLALBA', 17, 101, 1, 1, '2018-09-03 10:21:39', '2018-09-03 10:21:39', 1, NULL),
(222, 'AGUA BLANCA', 18, 101, 1, 1, '2018-09-03 10:21:39', '2018-09-03 10:21:39', 1, NULL),
(223, 'ARAURE', 18, 101, 1, 1, '2018-09-03 10:21:39', '2018-09-03 10:21:39', 1, NULL),
(224, 'ESTELLER', 18, 101, 1, 1, '2018-09-03 10:21:39', '2018-09-03 10:21:39', 1, NULL),
(225, 'GUANARE', 18, 101, 1, 1, '2018-09-03 10:21:39', '2018-09-03 10:21:39', 1, NULL),
(226, 'GUANARITO', 18, 101, 1, 1, '2018-09-03 10:21:39', '2018-09-03 10:21:39', 1, NULL),
(227, 'MONSEÑOR JOSÉ VICENTI DE UNDA', 18, 101, 1, 1, '2018-09-03 10:21:39', '2018-09-03 10:21:39', 1, NULL),
(228, 'OSPINO', 18, 101, 1, 1, '2018-09-03 10:21:39', '2018-09-03 10:21:39', 1, NULL),
(229, 'PAEZ', 18, 101, 1, 1, '2018-09-03 10:21:39', '2018-09-03 10:21:39', 1, NULL),
(230, 'PAPELON', 18, 101, 1, 1, '2018-09-03 10:21:39', '2018-09-03 10:21:39', 1, NULL),
(231, 'SAN GENARO DE BOCONOITO', 18, 101, 1, 1, '2018-09-03 10:21:39', '2018-09-03 10:21:39', 1, NULL),
(232, 'SAN RAFAEL DE ONOTO', 18, 101, 1, 1, '2018-09-03 10:21:39', '2018-09-03 10:21:39', 1, NULL),
(233, 'SANTA ROSALIA', 18, 101, 1, 1, '2018-09-03 10:21:39', '2018-09-03 10:21:39', 1, NULL),
(234, 'SUCRE', 18, 101, 1, 1, '2018-09-03 10:21:39', '2018-09-03 10:21:39', 1, NULL),
(235, 'TUREN', 18, 101, 1, 1, '2018-09-03 10:21:39', '2018-09-03 10:21:39', 1, NULL),
(236, 'ANDRES ELOY BLANCO', 19, 101, 1, 1, '2018-09-03 10:21:39', '2018-09-03 10:21:39', 1, NULL),
(237, 'ANDRES MATA', 19, 101, 1, 1, '2018-09-03 10:21:39', '2018-09-03 10:21:39', 1, NULL),
(238, 'ARISMENDI', 19, 101, 1, 1, '2018-09-03 10:21:39', '2018-09-03 10:21:39', 1, NULL),
(239, 'PENINSULA DE MACANAO', 19, 101, 1, 1, '2018-09-03 10:21:39', '2018-09-03 10:21:39', 1, NULL),
(240, 'BERMUDEZ', 19, 101, 1, 1, '2018-09-03 10:21:39', '2018-09-03 10:21:39', 1, NULL),
(241, 'BOLIVAR', 19, 101, 1, 1, '2018-09-03 10:21:39', '2018-09-03 10:21:39', 1, NULL),
(242, 'CAJIGAL', 19, 101, 1, 1, '2018-09-03 10:21:39', '2018-09-03 10:21:39', 1, NULL),
(243, 'CRUZ SALMERON ACOSTA', 19, 101, 1, 1, '2018-09-03 10:21:39', '2018-09-03 10:21:39', 1, NULL),
(244, 'LIBERTADOR', 19, 101, 1, 1, '2018-09-03 10:21:39', '2018-09-03 10:21:39', 1, NULL),
(245, 'MARIÑO', 19, 101, 1, 1, '2018-09-03 10:21:39', '2018-09-03 10:21:39', 1, NULL),
(246, 'MEJIA', 19, 101, 1, 1, '2018-09-03 10:21:39', '2018-09-03 10:21:39', 1, NULL),
(247, 'MONTES', 19, 101, 1, 1, '2018-09-03 10:21:39', '2018-09-03 10:21:39', 1, NULL),
(248, 'RIBERO', 19, 101, 1, 1, '2018-09-03 10:21:39', '2018-09-03 10:21:39', 1, NULL),
(249, 'SUCRE', 19, 101, 1, 1, '2018-09-03 10:21:39', '2018-09-03 10:21:39', 1, NULL),
(250, 'VALDEZ', 19, 101, 1, 1, '2018-09-03 10:21:39', '2018-09-03 10:21:39', 1, NULL),
(251, 'ANDRES BELLO', 20, 101, 1, 1, '2018-09-03 10:21:39', '2018-09-03 10:21:39', 1, NULL),
(252, 'ANTONIO ROMULO COSTA', 20, 101, 1, 1, '2018-09-03 10:21:40', '2018-09-03 10:21:40', 1, NULL),
(253, 'AYACUCHO', 20, 101, 1, 1, '2018-09-03 10:21:40', '2018-09-03 10:21:40', 1, NULL),
(254, 'BOLIVAR', 20, 101, 1, 1, '2018-09-03 10:21:40', '2018-09-03 10:21:40', 1, NULL),
(255, 'CARDENAS', 20, 101, 1, 1, '2018-09-03 10:21:40', '2018-09-03 10:21:40', 1, NULL),
(256, 'CORDOBA', 20, 101, 1, 1, '2018-09-03 10:21:40', '2018-09-03 10:21:40', 1, NULL),
(257, 'FERNANDEZ FEO', 20, 101, 1, 1, '2018-09-03 10:21:40', '2018-09-03 10:21:40', 1, NULL),
(258, 'FRANCISCO DE MIRANDA', 20, 101, 1, 1, '2018-09-03 10:21:40', '2018-09-03 10:21:40', 1, NULL),
(259, 'GARCIA DE HEVIA', 20, 101, 1, 1, '2018-09-03 10:21:40', '2018-09-03 10:21:40', 1, NULL),
(260, 'BERMUDEZ', 20, 101, 1, 1, '2018-09-03 10:21:40', '2018-09-03 10:21:40', 1, NULL),
(261, 'INDEPENDENCIA', 20, 101, 1, 1, '2018-09-03 10:21:40', '2018-09-03 10:21:40', 1, NULL),
(262, 'JAUREGUI', 20, 101, 1, 1, '2018-09-03 10:21:40', '2018-09-03 10:21:40', 1, NULL),
(263, 'JOSE MARIA VARGAS', 20, 101, 1, 1, '2018-09-03 10:21:40', '2018-09-03 10:21:40', 1, NULL),
(264, 'JUNIN', 20, 101, 1, 1, '2018-09-03 10:21:40', '2018-09-03 10:21:40', 1, NULL),
(265, 'LIBERTAD', 20, 101, 1, 1, '2018-09-03 10:21:40', '2018-09-03 10:21:40', 1, NULL),
(266, 'LIBERTADOR', 20, 101, 1, 1, '2018-09-03 10:21:40', '2018-09-03 10:21:40', 1, NULL),
(267, 'LOBATERA', 20, 101, 1, 1, '2018-09-03 10:21:40', '2018-09-03 10:21:40', 1, NULL),
(268, 'MICHELENA', 20, 101, 1, 1, '2018-09-03 10:21:40', '2018-09-03 10:21:40', 1, NULL),
(269, 'PANAMERICANO', 20, 101, 1, 1, '2018-09-03 10:21:40', '2018-09-03 10:21:40', 1, NULL),
(270, 'PEDRO MARIA UREÑA', 20, 101, 1, 1, '2018-09-03 10:21:40', '2018-09-03 10:21:40', 1, NULL),
(271, 'RAFAEL URDANETA', 20, 101, 1, 1, '2018-09-03 10:21:40', '2018-09-03 10:21:40', 1, NULL),
(272, 'SAMUEL DARIO MALDONADO', 20, 101, 1, 1, '2018-09-03 10:21:40', '2018-09-03 10:21:40', 1, NULL),
(273, 'SAN CRISTOBAL', 20, 101, 1, 1, '2018-09-03 10:21:40', '2018-09-03 10:21:40', 1, NULL),
(274, 'SEBORUCO', 20, 101, 1, 1, '2018-09-03 10:21:40', '2018-09-03 10:21:40', 1, NULL),
(275, 'SIMON RODRIGUEZ', 20, 101, 1, 1, '2018-09-03 10:21:40', '2018-09-03 10:21:40', 1, NULL),
(276, 'SUCRE', 20, 101, 1, 1, '2018-09-03 10:21:40', '2018-09-03 10:21:40', 1, NULL),
(277, 'TORBES', 20, 101, 1, 1, '2018-09-03 10:21:40', '2018-09-03 10:21:40', 1, NULL),
(278, 'URIBANTE', 20, 101, 1, 1, '2018-09-03 10:21:40', '2018-09-03 10:21:40', 1, NULL),
(279, 'GUASIMO', 20, 101, 1, 1, '2018-09-03 10:21:40', '2018-09-03 10:21:40', 1, NULL),
(280, 'ANDRES BELLO', 21, 101, 1, 1, '2018-09-03 10:21:40', '2018-09-03 10:21:40', 1, NULL),
(281, 'BOCONO', 21, 101, 1, 1, '2018-09-03 10:21:40', '2018-09-03 10:21:40', 1, NULL),
(282, 'BOLIVAR', 21, 101, 1, 1, '2018-09-03 10:21:40', '2018-09-03 10:21:40', 1, NULL),
(283, 'CANDELARIA', 21, 101, 1, 1, '2018-09-03 10:21:40', '2018-09-03 10:21:40', 1, NULL),
(284, 'CARACHE', 21, 101, 1, 1, '2018-09-03 10:21:40', '2018-09-03 10:21:40', 1, NULL),
(285, 'ESCUQUE', 21, 101, 1, 1, '2018-09-03 10:21:40', '2018-09-03 10:21:40', 1, NULL),
(286, 'JOSE FELIPE MARQUEZ CAÑIZALEZ', 21, 101, 1, 1, '2018-09-03 10:21:40', '2018-09-03 10:21:40', 1, NULL),
(287, 'JUAN VICENTE CAMPO ELIAS', 21, 101, 1, 1, '2018-09-03 10:21:40', '2018-09-03 10:21:40', 1, NULL),
(288, 'LA CEIBA', 21, 101, 1, 1, '2018-09-03 10:21:40', '2018-09-03 10:21:40', 1, NULL),
(289, 'MIRANDA', 21, 101, 1, 1, '2018-09-03 10:21:40', '2018-09-03 10:21:40', 1, NULL),
(290, 'MONTE CARMELO', 21, 101, 1, 1, '2018-09-03 10:21:40', '2018-09-03 10:21:40', 1, NULL),
(291, 'MOTATAN', 21, 101, 1, 1, '2018-09-03 10:21:40', '2018-09-03 10:21:40', 1, NULL),
(292, 'PAMPAN', 21, 101, 1, 1, '2018-09-03 10:21:40', '2018-09-03 10:21:40', 1, NULL),
(293, 'PAMPANITO', 21, 101, 1, 1, '2018-09-03 10:21:40', '2018-09-03 10:21:40', 1, NULL),
(294, 'RAFAEL RANGEL', 21, 101, 1, 1, '2018-09-03 10:21:40', '2018-09-03 10:21:40', 1, NULL),
(295, 'SAN RAFAEL DE CARVAJAL', 21, 101, 1, 1, '2018-09-03 10:21:40', '2018-09-03 10:21:40', 1, NULL),
(296, 'SUCRE', 21, 101, 1, 1, '2018-09-03 10:21:40', '2018-09-03 10:21:40', 1, NULL),
(297, 'TRUJILLO', 21, 101, 1, 1, '2018-09-03 10:21:40', '2018-09-03 10:21:40', 1, NULL),
(298, 'URDANETA', 21, 101, 1, 1, '2018-09-03 10:21:40', '2018-09-03 10:21:40', 1, NULL),
(299, 'VALERA', 21, 101, 1, 1, '2018-09-03 10:21:40', '2018-09-03 10:21:40', 1, NULL),
(300, 'ANDRES BELLO', 22, 101, 1, 1, '2018-09-03 10:21:40', '2018-09-03 10:21:40', 1, NULL),
(301, 'BOLIVAR', 22, 101, 1, 1, '2018-09-03 10:21:40', '2018-09-03 10:21:40', 1, NULL),
(302, 'BRUZUAL', 22, 101, 1, 1, '2018-09-03 10:21:40', '2018-09-03 10:21:40', 1, NULL),
(303, 'COCOROTE', 22, 101, 1, 1, '2018-09-03 10:21:40', '2018-09-03 10:21:40', 1, NULL),
(304, 'INDEPENDENCIA', 22, 101, 1, 1, '2018-09-03 10:21:40', '2018-09-03 10:21:40', 1, NULL),
(305, 'JOSE ANTONIO PAEZ', 22, 101, 1, 1, '2018-09-03 10:21:40', '2018-09-03 10:21:40', 1, NULL),
(306, 'LA TRINIDAD', 22, 101, 1, 1, '2018-09-03 10:21:40', '2018-09-03 10:21:40', 1, NULL),
(307, 'MANUEL MONGE', 22, 101, 1, 1, '2018-09-03 10:21:40', '2018-09-03 10:21:40', 1, NULL),
(308, 'NIRGUA', 22, 101, 1, 1, '2018-09-03 10:21:40', '2018-09-03 10:21:40', 1, NULL),
(309, 'PEÑA', 22, 101, 1, 1, '2018-09-03 10:21:40', '2018-09-03 10:21:40', 1, NULL),
(310, 'SAN FELIPE', 22, 101, 1, 1, '2018-09-03 10:21:40', '2018-09-03 10:21:40', 1, NULL),
(311, 'SUCRE', 22, 101, 1, 1, '2018-09-03 10:21:40', '2018-09-03 10:21:40', 1, NULL),
(312, 'PAMPAN', 22, 101, 1, 1, '2018-09-03 10:21:40', '2018-09-03 10:21:40', 1, NULL),
(313, 'VEROES', 22, 101, 1, 1, '2018-09-03 10:21:40', '2018-09-03 10:21:40', 1, NULL),
(314, 'ALMIRANTE PADILLA', 23, 101, 1, 1, '2018-09-03 10:21:40', '2018-09-03 10:21:40', 1, NULL),
(315, 'BARALT', 23, 101, 1, 1, '2018-09-03 10:21:40', '2018-09-03 10:21:40', 1, NULL),
(316, 'CABIMAS', 23, 101, 1, 1, '2018-09-03 10:21:40', '2018-09-03 10:21:40', 1, NULL),
(317, 'CATATUMBO', 23, 101, 1, 1, '2018-09-03 10:21:40', '2018-09-03 10:21:40', 1, NULL),
(318, 'COLON', 23, 101, 1, 1, '2018-09-03 10:21:40', '2018-09-03 10:21:40', 1, NULL),
(319, 'FRANCISCO JAVIER PULGAR', 23, 101, 1, 1, '2018-09-03 10:21:40', '2018-09-03 10:21:40', 1, NULL),
(320, 'JESUS ENRIQUE LOZADA', 23, 101, 1, 1, '2018-09-03 10:21:40', '2018-09-03 10:21:40', 1, NULL),
(321, 'JESUS MARIA SEMPRUN', 23, 101, 1, 1, '2018-09-03 10:21:40', '2018-09-03 10:21:40', 1, NULL),
(322, 'LA CAÑADA DE URDANETA', 23, 101, 1, 1, '2018-09-03 10:21:40', '2018-09-03 10:21:40', 1, NULL),
(323, 'LAGUNILLAS', 23, 101, 1, 1, '2018-09-03 10:21:40', '2018-09-03 10:21:40', 1, NULL),
(324, 'MACHIQUES DE PERIJA', 23, 101, 1, 1, '2018-09-03 10:21:40', '2018-09-03 10:21:40', 1, NULL),
(325, 'MARA', 23, 101, 1, 1, '2018-09-03 10:21:40', '2018-09-03 10:21:40', 1, NULL),
(326, 'MARACAIBO', 23, 101, 1, 1, '2018-09-03 10:21:40', '2018-09-03 10:21:40', 1, NULL),
(327, 'MIRANDA', 23, 101, 1, 1, '2018-09-03 10:21:40', '2018-09-03 10:21:40', 1, NULL),
(328, 'PAEZ', 23, 101, 1, 1, '2018-09-03 10:21:40', '2018-09-03 10:21:40', 1, NULL),
(329, 'ROSARIO DE PERIJA', 23, 101, 1, 1, '2018-09-03 10:21:40', '2018-09-03 10:21:40', 1, NULL),
(330, 'SAN FRANCISCO', 23, 101, 1, 1, '2018-09-03 10:21:40', '2018-09-03 10:21:40', 1, NULL),
(331, 'SANTA RITA', 23, 101, 1, 1, '2018-09-03 10:21:40', '2018-09-03 10:21:40', 1, NULL),
(332, 'SIMON BOLIVAR', 23, 101, 1, 1, '2018-09-03 10:21:40', '2018-09-03 10:21:40', 1, NULL),
(333, 'SUCRE', 23, 101, 1, 1, '2018-09-03 10:21:40', '2018-09-03 10:21:40', 1, NULL),
(334, 'VALMORE RODRIGUEZ', 23, 101, 1, 1, '2018-09-03 10:21:40', '2018-09-03 10:21:40', 1, NULL),
(335, 'VARGAS', 24, 101, 1, 1, '2018-09-03 10:21:41', '2018-09-03 10:21:41', 1, NULL),
(336, 'DEPENDENCIAS FEDERALES', 25, 101, 1, 1, '2018-09-03 10:21:41', '2018-09-03 10:21:41', 1, NULL),
(337, 'BARUTA', 7, 101, 1, 1, '2018-09-03 10:21:41', '2018-09-03 10:21:41', 1, NULL),
(338, 'CARACILO PARRA Y OLMEDO', 14, 101, 1, 1, '2018-09-03 10:21:41', '2018-09-03 10:21:41', 1, NULL),
(339, 'LEONARDO INFANTE', 12, 101, 1, 1, '2018-09-03 10:21:41', '2018-09-03 10:21:41', 1, NULL);

-- --------------------------------------------------------

--
-- Estructura de tabla para la tabla `pais`
--

DROP TABLE IF EXISTS `pais`;
CREATE TABLE IF NOT EXISTS `pais` (
  `id` int(11) NOT NULL AUTO_INCREMENT,
  `shortname` varchar(3) NOT NULL,
  `nombre` varchar(150) NOT NULL,
  `phonecode` int(11) NOT NULL,
  `status_id` int(11) NOT NULL,
  `user_ini_id` int(11) NOT NULL,
  `user_act_id` int(11) NOT NULL,
  `created_at` datetime NOT NULL,
  `updated_at` datetime NOT NULL,
  `user_eli_id` int(11) DEFAULT NULL,
  `deleted_at` datetime DEFAULT NULL,
  PRIMARY KEY (`id`),
  KEY `pais_status_id_foreign` (`status_id`),
  KEY `pais_user_act_id_foreign` (`user_act_id`),
  KEY `pais_user_eli_id_foreign` (`user_eli_id`),
  KEY `pais_user_ini_id_foreign` (`user_ini_id`)
) ENGINE=InnoDB AUTO_INCREMENT=2 DEFAULT CHARSET=utf8;

--
-- Volcado de datos para la tabla `pais`
--

INSERT INTO `pais` (`id`, `shortname`, `nombre`, `phonecode`, `status_id`, `user_ini_id`, `user_act_id`, `created_at`, `updated_at`, `user_eli_id`, `deleted_at`) VALUES
(1, 'VE', 'Venezuela', 58, 101, 1, 1, '2018-04-05 11:29:51', '2018-04-05 11:29:51', 1, NULL);

-- --------------------------------------------------------

--
-- Estructura de tabla para la tabla `status`
--

DROP TABLE IF EXISTS `status`;
CREATE TABLE IF NOT EXISTS `status` (
  `id` int(11) NOT NULL,
  `nombre` varchar(120) NOT NULL,
  `descripcion` varchar(255) DEFAULT NULL,
  `status_id` int(11) NOT NULL,
  `user_ini_id` int(11) NOT NULL,
  `user_act_id` int(11) NOT NULL,
  `created_at` datetime NOT NULL,
  `updated_at` datetime NOT NULL,
  `user_eli_id` int(11) DEFAULT NULL,
  `deleted_at` datetime DEFAULT NULL,
  `modulo_list_id` text,
  PRIMARY KEY (`id`),
  KEY `status_status_id_foreign` (`status_id`),
  KEY `status_user_act_id_foreign` (`user_act_id`),
  KEY `status_user_eli_id_foreign` (`user_eli_id`),
  KEY `status_user_ini_id_foreign` (`user_ini_id`)
) ENGINE=InnoDB DEFAULT CHARSET=utf8;

--
-- Volcado de datos para la tabla `status`
--

INSERT INTO `status` (`id`, `nombre`, `descripcion`, `status_id`, `user_ini_id`, `user_act_id`, `created_at`, `updated_at`, `user_eli_id`, `deleted_at`, `modulo_list_id`) VALUES
(101, 'Activo', 'Usado para representar los registros Activo', 101, 1, 1, '2021-03-05 11:29:50', '2021-03-05 11:29:50', 1, NULL, NULL),
(102, 'Inactivo', 'Usado para representar los registros inactivos', 101, 1, 1, '2021-03-05 11:29:50', '2021-03-05 11:29:50', 1, NULL, NULL),
(103, 'Eliminado', 'Usado para representar los registros eliminado', 101, 1, 1, '2021-03-05 11:29:50', '2021-03-05 11:29:50', 1, NULL, NULL);

-- --------------------------------------------------------

--
-- Estructura de tabla para la tabla `users`
--

DROP TABLE IF EXISTS `users`;
CREATE TABLE IF NOT EXISTS `users` (
  `id` int(11) NOT NULL,
  `username` varchar(120) NOT NULL,
  `password` varchar(60) NOT NULL,
  `email` varchar(255) DEFAULT NULL,
  `status_id` int(11) NOT NULL,
  `user_ini_id` int(11) NOT NULL,
  `user_act_id` int(11) NOT NULL,
  `created_at` datetime NOT NULL,
  `updated_at` datetime NOT NULL,
  `user_eli_id` int(11) DEFAULT NULL,
  `deleted_at` datetime DEFAULT NULL,
  PRIMARY KEY (`id`),
  UNIQUE KEY `users_username_unique` (`username`),
  KEY `users_user_act_id_foreign` (`user_act_id`),
  KEY `users_user_eli_id_foreign` (`user_eli_id`),
  KEY `users_user_ini_id_foreign` (`user_ini_id`),
  KEY `status_id` (`status_id`)
) ENGINE=InnoDB DEFAULT CHARSET=utf8;

--
-- Volcado de datos para la tabla `users`
--

INSERT INTO `users` (`id`, `username`, `password`, `email`, `status_id`, `user_ini_id`, `user_act_id`, `created_at`, `updated_at`, `user_eli_id`, `deleted_at`) VALUES
(1, 'admin', '$2a$10$AsK4YkxoP4ZnXbhkmSnCN.Tyua2dpgjqwM.UQh/CueMZAVN9vHcRm', NULL, 101, 1, 1, '2021-03-13 00:00:00', '2021-03-13 09:57:54', NULL, NULL);
COMMIT;

/*!40101 SET CHARACTER_SET_CLIENT=@OLD_CHARACTER_SET_CLIENT */;
/*!40101 SET CHARACTER_SET_RESULTS=@OLD_CHARACTER_SET_RESULTS */;
/*!40101 SET COLLATION_CONNECTION=@OLD_COLLATION_CONNECTION */;
